{"cameraMode":{"drawMode":0,"name":"Shaded","section":"Shading Mode"},"sceneLighting":false,"audioPlay":false,"sceneViewState":{"showFog":true,"showMaterialUpdate":false,"showSkybox":false,"showFlares":true,"showImageEffects":true,"showParticleSystems":true},"in2DMode":false,"pivot":{"x":991.4904174804688,"y":1029.8851318359375,"z":0.0},"rotation":{"x":-0.06567301601171494,"y":0.3759192228317261,"z":0.02643505483865738,"w":0.9239779114723206},"size":0.5714837312698364,"orthographic":true}