{"cameraMode":{"drawMode":0,"name":"Shaded","section":"Shading Mode"},"sceneLighting":true,"audioPlay":false,"sceneViewState":{"showFog":true,"showMaterialUpdate":false,"showSkybox":true,"showFlares":true,"showImageEffects":true,"showParticleSystems":true},"in2DMode":false,"pivot":{"x":498.43524169921877,"y":522.0882568359375,"z":-9.199951171875},"rotation":{"x":-0.026626678183674814,"y":0.05849921703338623,"z":-0.0011669365921989084,"w":-0.9980248212814331},"size":0.7077975273132324,"orthographic":true}